rank,Company Name
0,Amazon
1,Google
2,Cognizant
3,ICICI Bank
4,Wipro
5,HDFC Bank
6,Infosys
7,Capgemini
8,Tech Mahindra
9,Genpact
10,HCLTech
11,Axis Bank
12,Concentrix Corpo...
13,IBM
14,Reliance Jio
15,TCS
16,Larsen & Toubro ...
17,HDB Financial Se...
18,Reliance Retail
19,Teleperformance
20,Vodafone Idea
21,Deloitte
22,Kotak Mahindra B...
23,BYJU'S
24,Reliance Industr...
25,Bharti Airtel
26,Tata Motors
27,Flipkart
28,WNS
29,Ernst & Young
30,IndusInd Bank
31,Mahindra & Mahin...
32,DXC Technology
34,IDFC FIRST Bank
35,Maruti Suzuki
36,Hinduja Global S...
37,Bajaj Finserv
38,HSBC Group
39,Conneqt Business...
40,Ericsson
41,Mphasis
42,iEnergizer
43,PwC
44,Startek
45,HDFC Life
46,Dr. Reddy's
47,Yes Bank
48,Asian Paints
49,Cipla Pharmaceut...
50,Sutherland Globa...
51,NTT DATA
52,Jana Small Finan...
53,ICICI Prudential...
54,Udaan
55,EXL Service
56,HCL Group
57,Lupin
58,KPMG
59,UltraTech Cement
60,Bajaj Finance
61,Paytm
62,Bandhan Bank
63,L&T Infotech
64,Indian Army
65,ITC
66,Mindtree
67,Ujjivan Small Fi...
68,Hindustan Unilev...
69,JP Morgan Chase
70,AU Small Finance...
71,Delhivery
72,Wells Fargo
73,IIFL Finance
74,Home Credit Fina...
75,Quess
76,Amazon Developme...
77,Sun Pharmaceutic...
78,OPPO
79,TATA Steel
80,Ashok Leyland
81,Hexaware Technol...
82,Shapoorji Pallon...
83,Shriram Transpor...
84,JSW Steel
85,Vivo
86,Aurobindo Pharma
87,Zydus Cadila
88,Max Life Insuran...
89,eClerx
90,Muthoot Finance
91,Siemens
92,Mahindra & Mahin...
93,Apollo Hospitals
94,Oracle
95,Tata Projects
96,JLL
97,First Source
98,Nokia
99,Hewlett-Packard ...
100,Hero MotoCorp
101,JustDial
102,Bajaj Allianz Li...
103,Cyient
104,Fidelity Nationa...
105,Omega Healthcare
106,Megha Engineerin...
107,Reliance Communi...
108,L&T Construction
109,Hyundai Motor
110,TVS Motor
111,D Mart
112,Oyo Rooms
113,Bosch
114,Intelenet Global...
115,BigBasket
116,Future Group
117,Atos Syntel
118,Indiamart Interm...
119,Manappuram Finan...
120,SBI Cards & Paym...
121,BNY Mellon
122,Wipro BPS
123,Cummins
124,Bosch Global Sof...
125,Fullerton India
126,IQVIA
127,UST
128,Samsung
129,Amdocs
130,Schneider Electr...
131,CBRE
132,Nagarro
133,Capgemini Techno...
134,ICICI Lombard Ge...
135,GlobalLogic
136,Virtusa Consulti...
137,JBM Group
138,Dell
139,Ecom Express
140,Viatris
141,State Bank of In...
142,Bajaj Auto
143,Equitas Small Fi...
144,Cholamandalam In...
145,Swiggy
146,Nagarjuna Constr...
147,KEC Internationa...
148,Godrej & Boyce M...
149,SBI Life Insuran...
150,Muthoot Fincorp
151,Aditya Birla Fas...
152,Royal Enfield
153,Tata Communicati...
154,LG Electronics
155,Ekart Logistics
156,Whitehat jr
157,John Deere
158,Optum
159,L&T Finance
160,L&T Technology S...
161,Piramal Capital ...
162,Intas Pharmaceut...
163,UnitedHealth
164,Hetero Drugs
165,Ford Motor
166,Thermax Limited
167,Sodexo
168,Varun Beverages
169,Abbott Healthcar...
170,Subros
171,Macleods Pharmac...
172,Motherson Sumi S...
173,VE Commercial Ve...
174,Randstad
175,Automatic Data P...
176,American Express
177,Wipro Consumer ...
178,Axis Direct
179,Havells
180,Wipro Infotech
181,Pidilite Industr...
182,Hindustan Coca C...
183,Indian Air Force
184,Alkem Laboratori...
185,CARS24
186,Bharat Electroni...
187,Alembic Pharmace...
188,Atos
189,Deutsche Bank
190,Cgi Group
191,Vishal Mega Mart
192,Team Lease
193,Hindalco Industr...
194,CMS IT Services
195,DCB Bank
196,Glenmark Pharmac...
197,ABB Group
198,Honda Motorcycle...
199,Ipca Laboratorie...
200,Publicis Sapien...
201,NatWest Group
202,DTDC Express
203,Escorts Kubota L...
204,Maersk
205,Standard Charter...
206,MRF Tyres
207,Reliance Nippon ...
208,GATI-KWE
209,Persistent Syste...
210,24/7 Customer
211,Shoppers Stop
212,Bank of America
213,Conduent
214,Aarti Industries
215,Tata AIA Life In...
216,ITC Infotech In...
217,R1 RCM
218,Paras Hospital
219,Biocon
220,Utkarsh Small Fi...
221,Suzlon Group
222,Ceat Tyres
223,Access Healthcar...
224,Jindal Steel and...
225,Indian Oil Corpo...
226,Berger Paints
227,HDFC Ergo Genera...
228,RSPL Group
229,RBL Bank
230,Simplex Infrastr...
231,ACC
232,Dabur
233,PNB MetLife
234,JK Cement
235,Titan Company
236,PolicyBazaar
237,Kotak Mahindara ...
238,Bajaj Electrical...
239,Arvind Group
240,Carelon Global S...
241,IndiGo
242,GeBBS Healthcare...
243,Cogent E Service...
244,KocharTech
245,Torrent Pharmace...
246,Wipro Enterprise...
247,Reliance Digital
248,Huawei Technolog...
249,Dilip Buildcon
250,Aakash Education...
251,Tractors and Far...
252,Lava Internation...
253,Jubilant Foods W...
254,Apollo Tyres
255,Dominos Pizza
256,UPL
257,KPIT Technologie...
258,Capita
259,McDonald's
260,Flex
261,Taj Hotels Resor...
262,Tata AIG
263,Patanjali Ayurve...
264,State Street Syn...
265,Synechron
266,AFCONS Infrastru...
267,Reliance SMSL
268,S&P Global
269,Birlasoft
270,Statestreet HCL ...
271,Max Healthcare
272,Lenskart
273,Mankind Pharma
274,Walmart
275,AGS Health
276,Tech Mahindra Bu...
277,Zensar Technolog...
278,Nestle
279,Fortis Healthcar...
280,Blue Dart Expres...
281,Ola Cabs
282,Landmark Group
283,Tata Technologie...
284,Fiserv
285,Future Retail
286,Marpu Foundation...
287,Birla Sun Life I...
288,Lifestyle
289,I Process Servic...
290,Rivigo
291,Eureka Forbes
292,JMC Projects
293,HDFC Sales
294,Societe Generale
295,The Himalaya Dru...
296,IGT Solutions
297,Extramarks Educa...
298,BlackBuck
299,Voltas
300,Radisson Hotels
301,Square Yards
302,Micro Labs
303,Tata Teleservice...
304,UNO Minda
305,G4S
306,Exide Industries
307,State Street Cor...
308,Coforge
309,Aditya Birla Gro...
310,TVS Supply Chain...
311,Bajaj Allianz Ge...
312,Britannia
313,ElasticRun
314,Life Insurance C...
315,Ajanta Pharma
316,ACT Fibernet
317,Pfizer
318,PepsiCo
319,R.R. Donnelley
320,Delhi Public Sch...
321,Mahindra Rural H...
322,Cholamandalam MS...
323,Grasim Industrie...
324,Blue Star
325,Shree Cement
326,Dalmia Bharat Ce...
327,Sterlite Technol...
328,TVS Credit
329,Renault-Nissan
330,Samsung Electron...
331,CG Power and Ind...
332,Sonalika Tractor...
333,Emcure Pharmaceu...
334,Kalyan Jewellers
335,Yazaki
336,HCL Infosystems
337,Johnson Controls
338,PVR Cinemas
339,Mahindra Logisti...
340,IKS Health
341,BHEL
342,Raymond
343,Croma
344,V-Mart
345,Mahindra Holiday...
346,XpressBees
347,DS Group
348,Datamatics Globa...
349,Poonawalla Finco...
350,Parle Agro
351,Ambuja Cements
352,Indian Railways
353,Indus Towers
354,Zomato
355,Kalpataru Power ...
356,Shriram City
357,SRF
358,Barclays
359,Whirlpool
360,Sterling & Wilso...
361,Cybage
362,Force Motors
363,Kansai Nerolac P...
364,Reliance Trends
365,Cadila Pharmaceu...
366,Taurus BPO Serv...
367,ITC Hotels
368,Myntra
369,Shahi Exports
370,Info Edge
371,ICICI Securities
372,BT Group
373,Shell
374,Bharti AXA Life ...
375,Brakes India
376,Endurance Techno...
377,Blinkit
378,Delphi TVS
379,3i Infotech
380,Lodha group
381,JCB
382,Bharat Petroleum
383,Future Generali ...
384,JK Tyres
385,Sobha
386,Tata Motors Fina...
387,café Coffee day
388,Coromandel Inter...
389,Thomson Reuters
390,Syngene Internat...
391,Indian Navy
392,Movate
393,Big Bazaar
394,Gabriel India
395,ZS
396,Aavas Financiers...
397,Sopra Steria
398,Bureau Veritas
399,Honda
400,Fujitsu
401,Exide Life Insur...
402,GVK Emergency Ma...
403,Care Health Insu...
404,Ninjacart
405,Parle Products
406,Lucas-TVS
407,TVS Sundram Fast...
408,PHN Technology
409,Tata Elxsi
410,Power Mech Proje...
411,RMSI
412,Adani Wilmar
413,MSN Laboratories
414,suzuki motor guj...
415,Uflex
416,ValueLabs
417,Wockhardt
418,Tata Capital Fin...
419,NIIT Technologie...
420,Bhushan Power & ...
421,SAP
422,UpGrad
423,AXA Business Ser...
424,Cisco
425,Kyndryl
426,Jindal Stainless
427,Canara HSBC Life...
428,Indiabulls
429,Renault Nissan T...
430,IDBI Bank
431,BA Continuum
432,XL Dynamics
433,AECOM
434,Dr Lal PathLabs
435,Hindustan Aerona...
436,Motilal Oswal Fi...
437,Citicorp
438,Laurus Labs
439,Unacademy
440,Citibank
441,MetLife
442,G R Infraproject...
443,Vedantu
444,Fincare Small Fi...
445,Xoriant
446,Star Health & Al...
447,Vardhman Fabrics
448,Bank of Baroda
449,Tata Play
450,DBS Bank
451,Narayana Health
452,Aragen Life Scie...
453,LTIMindtree
454,NoBroker
455,Kotak Securities
456,Yamaha Motor
457,Akums Drugs & Ph...
458,Honeywell Automa...
459,Sify Technologie...
460,Harman Connected...
461,HERE Technologie...
462,SGS
463,CMA CGM
464,Sigma Electric M...
465,Philips
466,Reliance General...
467,VVDN Technologie...
468,PhonePe
469,Exotic Learning
470,Aditya Birla Cap...
471,Intellect Design...
472,Novartis
473,Hero FinCorp
474,Piramal Group
475,Quest Global
476,BT Global Servic...
477,Amazon Transport...
478,Crisil
479,Safexpress
480,Metro
481,CMS Infosystems
482,Reckitt Benckise...
483,Microland
484,Oberoi Group of ...
485,Hyatt Regency
486,YASH Technologie...
487,Allsec Technolog...
488,Cavinkare
489,Biological E
490,Karvy Data Manag...
491,KONE
492,DIVI'S Laborator...
493,Procter & Gamble
494,NCR Corporation
495,Straive
496,Exl India
497,Meesho
498,TCE
499,Honeywell Techno...
500,SBI General Insu...
501,ESAF Microfinanc...
502,Mother Dairy Fru...
503,USV
504,Jet Airways
505,SS&C TECHNOLOGIE...
506,Honda Cars
507,Adecco Group
508,Angel One
509,KFintech
510,USHA Internation...
511,Aon
512,Mercedes-Benz Re...
513,Innovsource Serv...
514,24-7 Intouch
515,V-Guard Industri...
516,Johnson & Johnso...
517,Samsung India El...
518,DHL Express
519,Microsoft Corpor...
520,Max Fashion
521,ABC
522,Motherson Automo...
523,Alstom Transport...
524,Torrent Power
525,ISGEC
526,Aforeserve
527,Verizon
528,HDFC Securities
529,Dell EMC
530,Optum Global Sol...
531,Orange Business ...
532,Matrimony.com
533,DHL Supply Chain
534,First American C...
535,Inox Leisure
536,Medi Assist Indi...
537,NTPC
538,Credit Suisse
539,Chegg
540,Varroc Group
541,Belrise Industri...
542,Niva Bupa Health...
543,FedEx Express
544,Planet Spark
545,Swaraj Tractors
546,Kent RO Systems
547,Marriott Interna...
548,Tata Communicati...
549,Medanta the Medi...
550,Hindustan Constr...
551,Faurecia
552,Capgemini Engine...
553,Sony
554,Google
555,CitiusTech
556,Dainik Bhaskar G...
557,Nayara Energy
558,SRL Diagnostics
559,Jindal Saw
560,Team Computers
561,PI Industries
562,FactSet
563,Tesco
564,iOPEX Technologi...
565,Sitel
566,Trent
567,Emami
568,Barclays Shared ...
569,Mercer
570,Muthoot Group
571,L.G.Balakrishnan...
572,Haier Appliances...
573,Panasonic
574,J. Kumar Infrapr...
575,KFC
576,Hindustan Petrol...
577,Security and Int...
578,Allstate
579,NIIT
580,Bharat Financial...
581,Bata
582,HCL Technologies...
583,Relaxo Footwear
584,L&T Energy Hydro...
585,ISS Facility Ser...
586,Saint-Gobain
587,SBICAP Securitie...
588,Trident Group
589,Narayana Educati...
590,Apollo Pharmacy
591,Tata Group
592,TATA Power
593,Aircel
594,Ocwen Financial ...
595,Marico
596,Paisabazaar.com
597,Toyota Kirloskar...
598,Globiva
599,Fabindia
600,Satin Creditcare...
601,FIS
602,Frankfinn Instit...
603,VLCC
604,Welspun
605,Lumax Industries
606,WABCO
607,Daikin
608,Akzo Nobel India
609,Suguna Foods
610,Tata Capital
611,IDC Technologies
612,Pantaloons
613,Nuvoco Vistas
614,Aadhar Housing F...
615,Oracle Financial...
616,Daimler India Co...
617,BNP Paribas
618,Haldiram Foods
619,Edelweiss
620,Bayer
621,Collabera Techno...
622,Standard Charter...
623,Adani Power
624,Iksula
625,Bharat Forge
626,HTC Global Servi...
627,Bajaj Capital
628,GE Vernova
629,Unisys
630,Cushman & Wakefi...
631,Photon Interacti...
632,Aptara
633,Krishna Maruti
634,CGI Information ...
635,Morgan Stanley
636,Indiabulls Home ...
637,Gland Pharma
638,Supreme Industri...
639,Sharekhan
640,Vfs Global Servi...
641,TTEC India
642,Sysnet Global Te...
643,GMR Group
644,Sanofi
645,Hero Motors Comp...
646,The Jaypee Group
647,Indiabulls Consu...
648,Cinépolis
649,Northern Trust O...
650,Adani Ports and ...
651,Evalueserve
652,Videocon d2h
653,Saipem
654,NSE.IT
655,Cerner
656,Amity University
657,FirstCry
658,Computer Age Man...
659,Spicejet
660,KIA MOTORS
661,Ashoka Buildcon
662,Aye Finance
663,Compass Group S...
664,SYSKA LED Lights
665,Indoco Remedies
666,Karma Ayurveda
667,Granules India
668,Iris Software
669,Manipal Hospita...
670,Xiaomi
671,ITD Cementation ...
672,Steel Strips Whe...
673,Broadridge Finan...
674,MiraMed Ajuba
675,Godrej Group
676,GlaxoSmithKline ...
677,Asahi India Glas...
678,Polycab Wires
679,Mondelez Interna...
680,Synchrony
681,Heritage Foods ...
682,AGS Transact Tec...
683,ICICI Home Finan...
684,Iffco Tokio Gene...
685,Tata Advanced Sy...
686,Unichem Laborato...
687,Ab Inbev
688,Altisource
689,Bisleri
690,Caterpillar Inc
691,Jindal X
692,Consolidated Con...
693,Health Care Glob...
694,SKF
695,Altruist Technol...
696,Punj Lloyd
697,DCM Shriram
698,DENSO
699,Bharat FIH
700,Best Sellers
701,FDC
702,Infinite Compute...
703,BVG India
704,DISH TV
705,GE
706,Cargill
707,EYGBS
708,Fidelity Nationa...
709,IFB
710,Serco
711,Annapurna Financ...
712,Gannon Dunkerley
713,TCS iON
714,Vestas
715,Pine Labs
716,Adani Group
717,Devyani Internat...
718,Luminous Power T...
719,EPAM Systems
720,Shriram Pistons ...
721,Atul
722,XcelServ Solutio...
723,Fresenius Kabi
724,Zf Rane Automoti...
725,Amneal Pharmaceu...
726,ECIL
727,Burger King
728,Fino Payments Ba...
729,JW Marriott
730,Johnson Lifts
731,Valeo
732,HighRadius
733,Minda Corporatio...
734,Piaggio
735,GAIL
736,Redcliffe Labs
737,Sahara India Par...
738,Vertex Customer ...
739,Oil And Natural ...
740,Petrofac
741,Newgen Software ...
742,Nielsen
743,Tikona Infinet
744,iSON Xperiences
745,United Alliance ...
746,Volkswagen
747,Bharat Sanchar N...
748,Shadowfax Techno...
749,SAI Life Science...
750,Intertek
751,iQor Global Serv...
752,PharmEasy
753,NEC
754,Bajaj Motors
755,Wheelseye Techno...
756,Wind World
757,ArcelorMittal Ni...
758,TUV SUD
759,Paytm Payments B...
760,Continental Auto...
761,PNB Housing Fina...
762,TaskUs
763,Amara Raja Batte...
764,Tenneco
765,NeoSOFT
766,NSH
767,Spencer's Retail
768,Indegene
769,ManpowerGroup
770,Clover Infotech
771,Jubilant Pharmov...
772,Slk Software Ser...
773,Vibgyor High Sch...
774,Gujarat Fluoroch...
775,Jaquar
776,Eaton Corporatio...
777,Siemens Gamesa R...
778,Star Union Dai-i...
779,Schindler
780,IndiaFirst Life ...
781,Suryoday Small F...
782,Ola Electric Mob...
783,Episource
784,Mahindra CIE Aut...
785,Intex Technologi...
786,Strides Pharma
787,Sri Chaitanya Ed...
788,Essar Steel
789,Eureka Outsourci...
790,Apco Infratech
791,Podar Internatio...
792,Thyrocare Techno...
793,Sansera Engineer...
794,Mando Automotive
795,Alstom
796,JSW Cement
797,AIIMS
798,LivSpace
799,Adobe
800,Atos Global IT S...
801,Automotive Manuf...
802,Majorel
803,Infogain
804,Kendriya Vidyala...
805,Aricent
806,SLK Global Servi...
807,Godrej Consumer ...
808,Dhoot Transmissi...
809,Coca-Cola Compan...
810,Goldman Sachs
811,Tietoevry
812,Hinduja Leyland ...
813,Apotex Research
814,TechnipFMC
815,Sunknowledge Ser...
816,BGR Energy Syste...
817,Lemon Tree Hotel...
818,JioMart
819,Arthur J. Gallag...
820,Tata 1mg
821,1point1 Solution...
822,Hatsun Agro Prod...
823,TE Connectivity
824,HARMAN
825,Viraj Profiles
826,MDIndia Health I...
827,Vistaar Finance
828,V2 Retail
829,Schaeffler India
830,Kirloskar Oil En...
831,Shriram Life Ins...
832,JK Lakshmi Cemen...
833,Rockman Industri...
834,QualityKiosk Tec...
835,RBL FinServe
836,Tata AutoComp Sy...
837,Ceasefire Indust...
838,Tata Chemicals
839,Decathlon
840,Novo Nordisk
841,Aditya Birla Hea...
842,Onward Technolog...
843,PNC Infratech
844,Parexel Internat...
845,Feedback Infrast...
846,Hathway
847,Barbeque Nation
848,Dana Anand
849,Medhaj Techno Co...
850,Worley
851,Shubham Housing ...
852,Hyundai Mobis
853,Bosch Chassis Sy...
854,Infinx
855,Zydus Lifescienc...
856,Dixon Technologi...
857,Spandana Sphoort...
858,TK Elevator
859,Aarvee Associate...
860,Toppr
861,FastInfo
862,Foxconn
863,R Systems Intern...
864,Sundaram Clayto...
865,OM Logistics
866,Godrej Propertie...
867,Columbia Asia
868,Orion Edutech
869,Canara Bank
870,Nilkamal
871,Wistron
872,Kirloskar Brothe...
873,Nirma
874,Hindustan Zinc
875,Next Education I...
876,Altimetrik
877,Capacit'e Infrap...
878,Ion Exchange Ind...
879,Unicharm
880,The Ramco Cement...
881,AstraZeneca
882,FLSmidth
883,Spinny
884,Urban Company
885,Colgate Palmoliv...
886,VIP Industries
887,K12 Techno Servi...
888,Barclays Global ...
889,Shalby Hospitals
890,VMware Software
891,Edelweiss Tokio ...
892,Pricol
893,Fidelity Investm...
894,Pizza Hut
895,Xyz Company
896,Fusion BPO Servi...
897,Sonata Software
898,C&S Electric
899,Morningstar
900,Sundaram Finance
901,Airtel Payments ...
902,Gmmco
903,Trade India (Inf...
904,Perfetti Van Mel...
905,CADD Centre Trai...
906,Punjab National ...
907,UBS
908,eClinicalWorks
909,Ruchi Soya Indus...
910,Thomas Cook
911,CarDekho
912,ThyssenKrupp Ind...
913,Visionet Systems
914,Mahindra First C...
915,Provana
916,CenturyPly
917,iMerit
918,Teva Pharmaceuti...
919,C.R.I. Pumps
920,Egis  India Cons...
921,Chetu
922,GEP Worldwide
923,Exela Technologi...
924,LOREAL
925,Bajaj Housing Fi...
926,Colliers Interna...
927,Genius Consultan...
928,Vedanta Resource...
929,Syngenta
930,CSB Bank
931,MakeMyTrip
932,Diageo
933,Karvy Computersh...
934,Karvy Stock Brok...
935,INDO-MIM
936,Future Supply Ch...
937,Better.com
938,Hitachi Astemo
939,MAHLE ANAND Filt...
940,Secure Meters
941,Yashoda Hospital...
942,Marks & Spencer
943,Huhtamaki
944,Reliance AJIO
945,Nexa
946,Nippon Paint Ind...
947,Indusind Marketi...
948,Sykes Business S...
949,Jakson Group
950,Intel
951,Ahluwalia Contra...
952,Imperial Auto In...
953,Panasonic Life S...
954,Evision Technose...
955,Kinara Capital
956,Dassault Systeme...
957,Neel Metal Produ...
958,TNQ Technologies
959,Jacobs Engineeri...
960,Panacea Biotec
961,THE LEELA PALACE...
962,GAMMON INDIA
963,Nykaa
964,TEKsystems
965,Karur Vysya Bank
966,Pramerica Life I...
967,Meril
968,Fluor Daniel Ind...
969,ZF Steering Gear
970,Pernod Ricard
971,Future Focus Inf...
972,Bank of India
973,V5 Global Servic...
974,KIMS Hospital
975,JTEKT
976,Metropolis Healt...
977,Sandvik Asia
978,Reliance Capital
979,Aviva Life Insur...
980,Centum Electroni...
981,SNC-Lavalin
982,Greaves Cotton
983,Medplus(optival ...
984,KEI Industries
985,Brillio
986,Troikaa Pharmace...
987,Mswipe Technolog...
988,Incedo
989,Incedo
990,Visionary RCM In...
991,Vedanta Aluminiu...
992,Micromax Informa...
993,Acme Cleantech S...
994,CRB Tech Solutio...
995,HFCL
996,Amazon Logistics
997,Shriram General ...
998,HT Media
999,Uber
1000,Samsung Engineer...
1001,Birla Corporatio...
1002,Napino Auto & El...
1003,Duck Creek Techn...
1004,Fareportal
1005,Precision Techse...
1006,Air India
1007,Happiest Minds T...
1008,GVPR Engineers
1009,Allianz Technolo...
1010,CALIBEHR
1011,Parekh Integrate...
1012,Vertiv
1013,B. G. Shirke Con...
1014,Air India Sats A...
1015,Wheels
1016,Fusion Microfina...
1017,Bechtel
1018,Tata Steel BSL
1019,Hikal
1020,Samasta Microfin...
1021,Galfar
1022,United Breweries
1023,Everest Industri...
1024,Medha Servo Driv...
1025,Qualcomm
1026,Godfrey Phillips...
1027,Natco Pharma
1028,Godrej Agrovet
1029,Patra Corporatio...
1030,Telenor
1031,Softenger
1032,Mu Sigma
1033,Aristo Pharmaceu...
1034,Samsung Electron...
1035,Atlas Copco
1036,GlaxoSmithKline ...
1037,Medlife
1038,PayPal
1039,ICICI Prudential...
1040,Sri Chaitanya Sc...
1041,DuPont
1042,HPCL-Mittal Ener...
1043,Star Cement
1044,VeeTechnologies
1045,Willis Towers Wa...
1046,National Health ...
1047,Suzuki Motorcycl...
1048,Gharda Chemicals
1049,Indira IVF Hospi...
1050,Knorr-Bremse
1051,DLF
1052,Varroc Polymers
1053,Rashmi Metaliks
1054,Amara Raja Group
1055,Greenko Group
1056,DAV Public Schoo...
1057,Renew Solar Powe...
1058,Aarvi Encon
1059,General Mills
1060,Federal Bank
1061,Navayuga Enginee...
1062,Carnival Cruise ...
1063,Page Industries
1064,Bridge & Roof Co
1065,Orchids Internat...
1066,Timken
1067,Medusind Solutio...
1068,FOCUS EDUMATICS
1069,Prodapt
1070,Hindustan Sanita...
1071,Kohler
1072,Artech Infosyste...
1073,Allscripts
1074,ICA Edu Skills
1075,Genpact Headstro...
1076,Capital Numbers ...
1077,Lakshmi Machine ...
1078,Musashi Auto Par...
1079,Otis Elevator
1080,Sanden Vikas
1081,Kotak Mahindra P...
1082,Leadec India
1083,Test Yantra Soft...
1084,GirnarSoft
1085,Amazon Services
1086,Michelin
1087,Ageas Federal Li...
1088,OCS Group
1089,Rupeek
1090,Aspire Systems
1091,Grant Thornton
1092,Aparna Construct...
1093,Ugam Solution
1094,Defence Research...
1095,SFO Technologies
1096,Steag Energy Ser...
1097,Indiabulls Ventu...
1098,IDFC FIRST Bhara...
1099,More Supermarket...
1100,Kurlon
1101,Webhelp
1102,NetAmbit
1103,L&T Power
1104,ICCS
1105,OLX
1106,Skill Lync
1107,J B Chemicals An...
1108,LEAD School
1109,Eveready Industr...
1110,Athena BPO
1111,Temenos
1112,The Lalit
1113,J B Chemicals An...
1114,Kalpataru Group
1115,Flash Electronic...
1116,Crowne Plaza
1117,Schlumberger
1118,Bharti Infratel
1119,Velocis Systems
1120,Cult.fit
1121,Reliance Power
1122,Volvo
1123,T-SYSTEMS ICT IN...
1124,Royal Sundaram G...
1125,Arohan Financial...
1126,Pacific BPO
1127,Lumen Technologi...
1128,Collins Aerospa...
1129,Magna Infotech
1130,Trimax IT Infras...
1131,Aditya Birla Fin...
1132,Lowe's
1133,Hitachi Payment ...
1134,Ivrcl Infrastruc...
1135,Knight Frank
1136,Shilpa Medicare
1137,Tanishq
1138,Investors Clinic
1139,bnp paribas indi...
1140,Asirvad Microfin...
1141,Nityo Infotech
1142,Netscribes
1143,ValueMomentum
1144,Pristyn Care
1145,H.G. Infra Engin...
1146,Westside
1147,NetCracker
1148,Transsion
1149,Samsung Research
1150,Signify
1151,NBC Bearings
1152,Hitachi Systems ...
1153,IMPACT Infotech
1154,Electrosteel Ste...
1155,Tata Consumer Pr...
1156,Zoho
1157,ACTE
1158,First Advantage
1159,Kutumbh Care
1160,Redington
1161,Acuity Knowledge...
1162,Denave
1163,SBFC Finance
1164,Lumina Datamatic...
1165,Capri Global Cap...
1166,Jaya Hind Indust...
1167,Chennai Radha En...
1168,GE Healthcare
1169,Caparo Engineeri...
1170,Stanza Living
1171,Rallis India
1172,Apollo Munich He...
1173,EMERSON PROCESS ...
1174,Allianz
1175,Ingram Micro
1176,Primus Global Te...
1177,Advik Hi Tech
1178,AuthBridge Resea...
1179,Ukb Electronics
1180,Quest Retail
1181,CNH Industrial
1182,RAMTeCH Software...
1183,Eris Lifescience...
1184,Zydus Wellness
1185,Xebia
1186,Ebix Software In...
1187,NoBrokerHOOD
1188,Jain Irrigation ...
1189,Bitwise Solution...
1190,Deepak Fertilis...
1191,AVEVA
1192,CreditAccess Gra...
1193,Finolex Cables
1194,Svatantra Microf...
1195,Engineers India
1196,City Union Bank
1197,HSBC Bank
1198,Rebel Foods
1199,Innodata Isogen
1200,Rodic Consultant...
1201,Sharda Motor Ind...
1202,McDermott Intern...
1203,Royal Caribbean ...
1204,IFFCO
1205,Gayatri Projects
1206,TCNS Clothing Co...
1207,Neeyamo Enterpri...
1208,Amphenol Interco...
1209,Edubridge Learni...
1210,HomeLane
1211,United Spirits
1212,GSK Pharmaceutic...
1213,Sintex Industrie...
1214,Anchor Electrica...
1215,Bses Rajdhani Po...
1216,Country Holidays...
1217,Biba Apparels
1218,Lea Associates S...
1219,Power Grid Corpo...
1220,FIITJEE
1221,Sandhar Technolo...
1222,Sl Lumax
1223,Ihg Group
1224,Raychem RPG
1225,Indo Autotech
1226,Echobooom Manage...
1227,Globant
1228,Isuzu Motors
1229,Isuzu Motors
1230,Dunzo
1231,Wipro Infrastruc...
1232,Vakrangee
1233,HCL Comnet
1234,Dhani Loans and ...
1235,Salesforce
1236,Muthoot Microfin
1237,TÜV NORD
1238,OMICS Internatio...
1239,Government of In...
1240,Rico Auto Indust...
1241,Adani Enterprise...
1242,Pratap Technocra...
1243,Skipper
1244,VA Tech Wabag
1245,ANZ Banking Grou...
1246,Ameriprise Finan...
1247,TDK India
1248,Progressive Info...
1249,Sadbhav Engineer...
1250,Omaxe
1251,Ups Logistics
1252,Amway India Ente...
1253,Ramco Systems
1254,Bioclinica
1255,PUMA
1256,Rentokil Pest Co...
1257,Union Bank of In...
1258,Future Lifestyle...
1259,Guardian India
1260,Jabil Circuit In...
1261,Epicenter Techno...
1262,Ashirvad Pipes
1263,Integreon
1264,Adani Solar
1265,Thriveni Earthmo...
1266,Ag Industries
1267,Silaris Informat...
1268,Rohan Builders
1269,ZUVENTUS HEALTHC...
1270,Target
1271,Quatrro
1272,Astral Pipe
1273,GKN
1274,Mott MacDonald
1275,Linde India
1276,Tata Hitachi Con...
1277,NSB Bpo Solution...
1278,Bluestream Softw...
1279,Times Internet
1280,Somany Ceramics
1281,MattsenKumar
1282,Merino Industrie...
1283,Piramal Pharma
1284,General Motors
1285,Citco
1286,Fractal Analytic...
1287,CMS Computers Li...
1288,India Japan Ligh...
1289,Alshaya Group
1290,Shaktiman Tirth ...
1291,Simplilearn
1292,Diebold Nixdorf
1293,Xceedance
1294,Sagility
1295,Fleetguard Filte...
1296,India Cements
1297,Accolite Digital
1298,Epsilon
1299,Educomp Solution...
1300,Jio Platforms
1301,Vijaya Diagnosti...
1302,Uttam Galva Stee...
1303,Central Industri...
1304,T.v. Sundram Iye...
1305,SoftAge Informat...
1306,Quikr
1307,Deepak Nitrite
1308,Bikanervala
1309,Saud Bahwan Grou...
1310,Csc E Governance...
1311,Creambell
1312,LifeCell Interna...
1313,H&M
1314,BASF
1315,Baxter Internati...
1316,Encore Capital G...
1317,Sun Life Financi...
1318,Toyo Engineeerin...
1319,India Shelter Fi...
1320,Electrotherm
1321,MasterCard
1322,Wonder Cement
1323,Micro Turners
1324,KGISL
1325,Hella
1326,Bpo Convergence
1327,Mount Litera Zee...
1328,Titan Eye Plus
1329,Financial Softwa...
1330,Parag Milk Foods
1331,Courtyard by Mar...
1332,Turbo Energy
1333,Radical Minds
1334,Border Security ...
1335,Mindarika
1336,K Raheja Corp
1337,Naukri
1338,AVTEC
1339,Experis IT
1340,KMV Projects
1341,Welspun Group
1342,MagicBricks
1343,Care Hospital
1344,Rane Engine Valv...
1345,TIAA Global Busi...
1346,Tavant Technolog...
1347,Lionbridge Techn...
1348,Centre for Devel...
1349,Vivanta by Taj
1350,Lovely Professio...
1351,SitusAMC
1352,BEML
1353,Shivam Autotech
1354,Tata Power Delhi...
1355,Ge India Industr...
1356,Prism Johnson
1357,Wapcos
1358,Saudi Aramco
1359,Labcorp Drug Dev...
1360,Aparajitha Corpo...
1361,Astral Adhesives
1362,JK Paper
1363,Deccan Fine Chem...
1364,Medreich
1365,Accel Frontline
1366,Geojit Financial...
1367,Inox Wind
1368,Magna Internatio...
1369,IBS Software Ser...
1370,Ramky Infrastruc...
1371,Aisin Automotive...
1372,MALABAR GOLD AND...
1373,Icon Plc
1374,Dodsal Engineeri...
1375,Sunbeam Auto
1376,NRB Bearings
1377,Citigroup
1378,Balkrishna Indus...
1379,Steel Authority ...
1380,Molex
1381,BT E Serv
1382,Renault
1383,Dhanuka Agritech
1384,Hilton
1385,Wuerth
1386,Times Group
1387,NielsenIQ
1388,Dhani Healthcare
1389,Orient Craft
1390,Progressive Info...
1391,Apexon
1392,Holiday Inn
1393,Mynd Solutions P...
1394,Affinity Express
1395,ATS Infrastructu...
1396,National Informa...
1397,Poorvika Mobiles
1398,McNally Bharat E...
1399,Akal Information...
1400,Atkins
1401,Hi Tech Gears
1402,House Of Anita D...
1403,Samunnati Financ...
1404,IVY Comptech
1405,HBL Power System...
1406,Ongc Petro Addit...
1407,Orient Cement
1408,Aequs
1409,NTT DATA Busines...
1410,Jaro Education
1411,MPS Limited
1412,Centum Learning
1413,Aerial Telecom S...
1414,Saint Gobain Gla...
1415,Hapag-Lloyd
1416,SKH Metals
1417,Yatra
1418,Travel Food Serv...
1419,Goodyear
1420,HIL
1421,Hitachi
1422,ACL Digital
1423,United Colors o...
1424,Principal Global...
1425,Apar Industries
1426,SHYAM METALICS A...
1427,My Home Industri...
1428,Genesys Internat...
1429,Dimension Data
1430,Kantar
1431,PeopleStrong
1432,Microtek Interna...
1433,MAS Financial Se...
1434,Glorious Insight
1435,Orient Electric
1436,Navitasys India
1437,Renovision Autom...
1438,Vadilal Industri...
1439,JSW Group
1440,Thermo Fisher Sc...
1441,Vadilal Industri...
1442,Jubilant Generic...
1443,ChannelPlay
1444,Teamware Solutio...
1445,Schindler Group
1446,Cigniti Technolo...
1447,MMC
1448,Central Reserve ...
1449,MothersonSumi IN...
1450,IL&FS Engineerin...
1451,Recpdcl.ltd
1452,Greenply
1453,BankBazaar
1454,Jyothy Laborator...
1455,Neuland Laborato...
1456,Credence Resourc...
1457,Chandigarh Unive...
1458,Northern Trust
1459,Quantiphi Analyt...
1460,Eli Research
1461,Nlb Services
1462,CDK Global
1463,Cloudnine Hospit...
1464,uFaber
1465,Maveric Systems
1466,Rane (Madras)
1467,Medicover Hospit...
1468,Magus Customer D...
1469,Scope Internatio...
1470,Qatar Airways
1471,Amadeus
1472,Amazon Web Servi...
1473,Magus Customer D...
1474,MG Motor
1475,V-Trans
1476,Medley Pharmaceu...
1477,Hilti
1478,Bisk Farm
1479,Carborundum Univ...
1480,Shriram Automall
1481,Ask Automotive
1482,Writer Corporati...
1483,TTK Prestige
1484,Rungta Mines
1485,3M
1486,Gestamp
1487,Sutherland Healt...
1488,Sterlite Power T...
1489,Digit Insurance
1490,Y-Axis Overseas ...
1491,Visteon
1492,Surya Roshni
1493,TVS Electronics
1494,ZTE Corporation
1495,Triveni Engineer...
1496,Levi Strauss & C...
1497,RITES
1498,Forbes Marshall
1499,Essjay Ericsson
1500,Franklin Templet...
1501,Avalon Technolog...
1502,Vaco Binary Sema...
1503,IDEMIA
1504,Quality Austria ...
1505,Lear Corporation
1506,Sulekha.com
1507,Voltech
1508,Ministry of Defe...
1509,Embibe
1510,Kellogg
1511,SourceHOV
1512,nThrive Global S...
1513,DP World
1514,Offshore Infrast...
1515,Central Public W...
1516,Fiat India Autom...
1517,Kidzee
1518,NBTC GROUP
1519,Shyam Steel Indu...
1520,Orient Technolog...
1521,HLL Lifecare
1522,Housing.com
1523,Patel Infrastruc...
1524,CTS Consulting &...
1525,PPG Asian Paints
1526,Medtronic
1527,Adarsh Credit Co...
1528,Yokogawa
1529,Comviva Technolo...
1530,Coal India
1531,KaaShiv InfoTech...
1532,CAMS
1533,le méridien
1534,Ramky Enviro Eng...
1535,Tracxn
1536,Bunge India
1537,Cairn Energy
1538,Saudi Binladin G...
1539,Okaya Power
1540,Ind-Swift Labora...
1541,Zydus Healthcare
1542,Updater Services
1543,The Times of Ind...
1544,Wockhardt Hospit...
1545,Almarai
1546,Spoton Logistics
1547,UnitedLex
1548,Oriental Structu...
1549,Army Public Scho...
1550,Schoolnet India
1551,Guidehouse
1552,HBL Global
1553,JK Tech
1554,ALLEN Career Ins...
1555,Asb Internationa...
1556,Action Construct...
1557,Genus Power Infr...
1558,TCI Express
1559,Greenlam Industr...
1560,Vestige
1561,Essel Propack
1562,Eicher Motors
1563,Jai Balaji Group
1564,Cargill Business...
1565,BharatMatrimony....
1566,Varun Motors
1567,Adidas
1568,EaseMyTrip.com
1569,Bharat Serums an...
1570,Doosan Power Sys...
1571,Transport Corpor...
1572,GlobalData
1573,Lohia Group
1574,Livpure
1575,Amtek Auto
1576,Patel Engineerin...
1577,Blackberrys
1578,Keventer
1579,Moser Baer
1580,Stock Holding Co...
1581,Ziqitza Health C...
1582,OpenText Technol...
1583,Nomura Holdings
1584,Macawber Beekay
1585,TO THE NEW
1586,CompuCom
1587,Cpf India
1588,Sintex-bapl
1589,Grab A Grub Serv...
1590,Centaur Pharmace...
1591,Siemens Energy
1592,Nvidia
1593,Riya Travel
1594,Nelito System
1595,Larsen & Toubro ...
1596,Paras Dairy
1597,Rane NSK Steerin...
1598,RuralShores
1599,NecLife
1600,HRH Next Service...
1601,PrimEra Medical ...
1602,B.L. Kashyap & S...
1603,Ramboll
1604,Nucleus Software...
1605,Khazana Jeweller...
1606,Zee Entertainmen...
1607,Sayaji Hotels
1608,CARE
1609,Fiem Industries
1610,Victora Group
1611,Emami Agrotech
1612,Salcomp Manufact...
1613,Ess Kay Fincorp
1614,BSCPL Infrastruc...
1615,Vasudha Pharma C...
1616,Colt Technology ...
1617,Fedbank Financia...
1618,Amar Ujala
1619,Ferrero
1620,Utility Powertec...
1621,Al Turki Enterpr...
1622,Fidelity Interna...
1623,Fedbank Financia...
1624,Bridgestone
1625,ShareChat
1626,Vikram Solar
1627,LIC Housing Fina...
1628,Vijai Electrical...
1629,BDO India LLP
1630,Karvy DigiKonnec...
1631,L & W Constructi...
1632,Gandhi Automatio...
1633,Bahwan Engineeri...
1634,Sona Comstar
1635,Infra.Market
1636,Luxoft
1637,Clarivate
1638,Finastra
1639,H & R Johnson
1640,Novotel Hotels
1641,Suma Soft
1642,eMids Technologi...
1643,Scientific Publi...
1644,Poly Medicure
1645,Vastu Housing Fi...
1646,Godrej Industrie...
1647,Allied Digital S...
1648,Rockwell Automat...
1649,Wipro Digital
1650,Veritas
1651,Nagarjuna Fertil...
1652,Maini Precision ...
1653,Infor Global Sol...
1654,The Akshaya Patr...
1655,Cox & Kings
1656,MOURI Tech
1657,Pamac Finserve
1658,Hetero Healthcar...
1659,Agrostar
1660,Canon
1661,Celebi Aviation ...
1662,J K Fenner
1663,PTC
1664,Maharashtra Stat...
1665,Bharat Gears
1666,Westin
1667,IRB Infrastructu...
1668,Ness Technologie...
1669,Becton Dickinson
1670,VRL Logistics
1671,Kajaria Ceramics
1672,NJ India Invest
1673,Xerox
1674,Talentpro
1675,Acadecraft
1676,Vijay Sales
1677,CIEL HR
1678,FCC Clutch
1679,Fino Paytech
1680,Cuemath
1681,Rackspace
1682,Kirloskar Pneuma...
1683,LG Soft India
1684,Pennar Industrie...
1685,Usha Martin
1686,Jayaswal Neco In...
1687,Craftsman Automa...
1688,Henry Harvin Edu...
1689,Baker Hughes
1690,Pyramid IT Consu...
1691,Tafe Motors & Tr...
1692,Leighton Contrac...
1693,Manjushree Techn...
1694,Apple
1695,Lenovo
1696,MAHLE Behr India
1697,Sanghi Industrie...
1698,Airports Authori...
1699,EdgeVerve System...
1700,Reliance Infrast...
1701,Quislex Legal Se...
1702,Practo
1703,Glaze Trading In...
1704,Bristlecone
1705,Prama Hikvision ...
1706,Country Holidays...
1707,Bajaj Capital In...
1708,Praj Industries
1709,Nihilent
1710,Praj Industries
1711,TCS eServe
1712,Hitachi Vantara
1713,Tecnimont
1714,McKinsey & Compa...
1715,Maxgen Technolog...
1716,Kantar IMRB
1717,Suraksha Diagnos...
1718,Herbalife Intern...
1719,Psp Projects
1720,Kissht Finance
1721,Vedang Cellular ...
1722,SMC Global Secur...
1723,JM Financial
1724,DealShare
1725,PepsiCo (India) ...
1726,Castrol
1727,Toyota Industrie...
1728,Vaaman Engineers
1729,Licious
1730,Coats
1731,Pace Setters Bus...
1732,Lite Bite Foods
1733,Forever Living P...
1734,Blue Yonder
1735,Xavient Digital ...
1736,Dodla Dairy
1737,VirtusaPolaris
1738,Pearson Educatio...
1739,Testbook.com
1740,Prince Pipes & F...
1741,DHL Global Forwa...
1742,Delta Electronic...
1743,Sudarshan Chemic...
1744,Roop Polymers
1745,RR kabel
1746,Wipro PARI
1747,Maersk Line
1748,Varthana
1749,Jiva Ayurvedic P...
1750,Amber Enterprise...
1751,Monte Carlo
1752,Autoliv
1753,Dr. Reddy's Foun...
1754,Mitsubishi Elect...
1755,Heidelberg Cemen...
1756,Debtcare Enterpr...
1757,Indecomm Global ...
1758,Texmo Industries
1759,Fena
1760,Zetwerk Manufact...
1761,Hindusthan Natio...
1762,Hamilton Housewa...
1763,Satya MicroCapit...
1764,Otsuka Pharmaceu...
1765,Marelli
1766,Mastek
1767,Hitachi Energy
1768,BLK Super Specia...
1769,Corteva Agriscie...
1770,Dr. Batras' Posi...
1771,CtrlS
1772,Satyam Auto Comp...
1773,Sterling Holiday...
1774,BLK Super Specia...
1775,Bharti AXA Gener...
1776,NetConnectGlobal
1777,Advantmed
1778,SIS Prosegur Hol...
1779,Efs Facilities S...
1780,TriGeo Technolog...
1781,ICFAI University
1782,British Council
1783,Gallagher Servic...
1784,Fortis Escorts ...
1785,Vizag Steel
1786,Hexagon Nutritio...
1787,RAK Ceramics
1788,Metriqe Solution...
1789,Aurigo
1790,Spark Minda
1791,Mahanagar Gas
1792,Chaayos
1793,BMC Software
1794,Ramada
1795,N.C.L. Industrie...
1796,NTT
1797,Vijay Nirman Com...
1798,Mahendra’s Insti...
1799,Metso Outotec
1800,AT&T
1801,Lakme
1802,Carlsberg
1803,Srei Equipment F...
1804,Gionee
1805,Gujarat Heavy Ch...
1806,GTL Infrastructu...
1807,St. Xavier's Hig...
1808,IDBI Intech
1809,QuEST Global Eng...
1810,Veritas Finance
1811,Baroda Global Sh...
1812,Williams Lea
1813,Trigent Software
1814,Black Knight
1815,Sasken
1816,PropTiger.com
1817,QHTalbros
1818,Syneos Health
1819,Onshore Construc...
1820,Shriram Housing ...
1821,ASG Eye Hospital
1822,Aptech
1823,TTK Healthcare
1824,Danfoss Industri...
1825,QUICK HEAL TECHN...
1826,Novartis Healthc...
1827,Supertech
1828,iNurture Educati...
1829,Micron Electrica...
1830,Axtria
1831,Agility
1832,Kaya Skin Clinic
1833,MCM Telecom Equi...
1834,Apex Group
1835,Federal Mogul Go...
1836,Bridgestone Indi...
1837,Deloitte Digital
1838,Continental
1839,Shriram Finance
1840,ExxonMobil
1841,Super Smelters
1842,eTeam
1843,Apollo Health an...
1844,CSC Global
1845,CWT
1846,Lido Learning
1847,Trident Hotels
1848,Data Entry
1849,Cvent
1850,Sarovar Hotels &...
1851,Collegedunia
1852,F1 Info Solution...
1853,Carrier
1854,Medica Superspec...
1855,Giesecke & Devri...
1856,Central Bank of ...
1857,CRYSTAL CROP PRO...
1858,HP India Sales
1859,Jaypee Cement
1860,S P Singla Const...
1861,Reshamandi
1862,Siyaram Silk Mil...
1863,Brainvire
1864,Aegis Essar
1865,Cyfuture
1866,Keihin Fie
1867,Aksentt Tech Ser...
1868,Pinnacle Infote...
1869,Value Point Syst...
1870,CJ Darcl Logisti...
1871,Innova Solutions
1872,PC Jewellers
1873,InternEzy
1874,Allied Blenders ...
1875,Capital Foods
1876,Jtekt Sona Autom...
1877,Sulzer
1878,Reliance Life Sc...
1879,Global Autotech
1880,Karvy Financial ...
1881,Tata Internation...
1882,Nissin Brake
1883,Heavy Engineerin...
1884,Andritz
1885,Moglix
1886,Avery Dennison
1887,Paramount Health...
1888,Solara Active Ph...
1889,LanceSoft
1890,First Flight Cou...
1891,Iron Mountain In...
1892,Bharat Biotech I...
1893,Kunal Structure
1894,Ienergizer BPO S...
1895,Freshworks
1896,IndianMoney.com
1897,Del Monte Foods
1898,Prestige Group
1899,Amazon Sellers S...
1900,Capco Technologi...
1901,SPAR Hypermarket...
1902,Unimoni
1903,Mars Internation...
1904,Alight Solutions
1905,Boeing
1906,Universal Sompo ...
1907,Prime Focus Tech...
1908,B. Braun Medical
1909,Uppcl
1910,TELUS Internatio...
1911,M3M India
1912,South Indian Ban...
1913,Flatworld Soluti...
1914,Integra Software...
1915,Omax Autos
1916,Venky's
1917,North East Small...
1918,National Bulk Ha...
1919,Integra Software...
1920,Alpla
1921,Five-star Busine...
1922,Audi
1923,Ssipl Lifestyle
1924,Radico Khaitan
1925,Tata Electronics
1926,Lanco Infratech
1927,CMC
1928,Telesonic Networ...
1929,Wellness Forever...
1930,Allegis Group
1931,DB Schenker
1932,Hema Engineering...
1933,Amul India
1934,Pathkind Diagnos...
1935,Honeywell Intern...
1936,Evolve Technolog...
1937,FMC
1938,Toyota
1939,Flamingo Pharmac...
1940,Descon Engineeri...
1941,Mavenir Systems
1942,Evelyn Learning ...
1943,Vectus Industrie...
1944,Emaar MGF
1945,IDP Education Li...
1946,Voyants Solution...
1947,Vimta Labs
1948,Mahindra Automot...
1949,Bsh Household Ap...
1950,Consulting Engin...
1951,RealPage
1952,Yokohama
1953,Mahindra Automot...
1954,Tiger Analytics
1955,ABCI Infrastruct...
1956,BKT Tyres
1957,Samvardhana Moth...
1958,Foray Software
1959,Varuna Integrate...
1960,Transrail Lighti...
1961,Thryve Digital
1962,RPG Life Science...
1963,NICE
1964,Caratlane Tradin...
1965,V.S.T Tillers Tr...
1966,Suprajit Enginee...
1967,Bhilosa Industri...
1968,ByteDance
1969,Qcon
1970,UDAAN CARGO & LO...
1971,Competent Softwa...
1972,Vindhya Telelink...
1973,Triumphant Insti...
1974,Wood Group
1975,Kataria Automobi...
1976,Grindwell Norton
1977,SS Supply Chain ...
1978,McCain Foods
1979,Cotiviti
1980,Jindal Poly Film...
1981,ITSource Technol...
1982,Aquasub Engineer...
1983,Portea Medical
1984,Online Legal Ind...
1985,Paharpur Cooling...
1986,Alfanar
1987,Kokilaben Dhirub...
1988,SABIC
1989,Impetus Technolo...
1990,Mikuni
1991,Honda Logistics
1992,Virtual Employee
1993,Hindware
1994,Serum Institute ...
1995,Hero Cycles
1996,Indium Software
1997,Waaree Energies
1998,Amri Hospital
1999,MAYORA
2000,Miles Education ...
2001,STUP Consultants
2002,NCCCL
2003,IIC Technologies
2004,Nivea
2005,UCAL Fuel System...
2006,Fujiyama Power S...
2007,JBS Enterprises
2008,Go First
2009,DFM Foods
2010,Sterling
2011,Zealous Services
2012,Einfochips
2013,ERA Group
2014,Pratham Educatio...
2015,Matrix Business ...
2016,Samsung C&T
2017,Torry Harris Int...
2018,Surin Automotive
2019,Royal Orchid Hot...
2020,Vidal Health Tpa
2021,Railtel Corporat...
2022,Khadims
2023,Safari Industrie...
2024,L&T Heavy Engine...
2025,Penna Cement Ind...
2026,Ramkrishna Forgi...
2027,Rao IIT Academy
2028,NU Vista
2029,Chemplast Sanmar
2030,Navin Fluorine I...
2031,Expertrons
2032,India Post
2033,Gupta Power Infr...
2034,Hafele
2035,Blackrock
2036,Sapphire Foods I...
2037,SBI Mutual Fund
2038,Indofil Industri...
2039,Gupta Power Infr...
2040,Hafele
2041,Sapphire Foods I...
2042,TVS Eurogrip
2043,Cashify
2044,Brembo Brake Ind...
2045,Mecon
2046,Zycus Infotech
2047,Philips Innovati...
2048,Keysight Technol...
2049,Ppap Automotive
2050,Suroj Buildcon
2051,Teleysia Network...
2052,Wissen Technolog...
2053,Reliance Smart
2054,Systra Consultin...
2055,Tractebel
2056,Infrastructure L...
2057,Axiscades
2058,Regalix
2059,RenewBuy
2060,PayU Payments
2061,Wintax Solution
2062,Aramex
2063,Subex
2064,SG Analytics
2065,Air India Air Tr...
2066,PK
2067,Ben Franklin Opt...
2068,Legrand
2069,Ather Energy
2070,DATAMARK BPO SER...
2071,Encora
2072,GD Goenka Public...
2073,Toyoda Gosei Min...
2074,ALTEN
2075,Bharat Fritz Wer...
2076,INDIABULLS PHARM...
2077,Ventura Securiti...
2078,Technip Energies
2079,Worldline Global...
2080,1 India Family M...
2081,R.S. Infraprojec...
2082,ADFC
2083,URC Construction
2084,Havmor Ice Cream
2085,Gulf Oil Lubrica...
2086,Xdbs
2087,Inspirisys Solut...
2088,Diffusion Engine...
2089,Markets and Mark...
2090,National Collate...
2091,Acme Generics LL...
2092,Axa XL
2093,Maharashtra Seam...
2094,Aker Solutions
2095,Powerweave
2096,Morepen Laborato...
2097,DesignTech Syste...
2098,Kirloskar Toyota...
2099,Texmaco Rail and...
2100,Enco Engineers C...
2101,ManipalCigna Hea...
2102,Royal Immigratio...
2103,Metalman Auto
2104,Majesco
2105,Hinduja Housing ...
2106,Caparo Maruti
2107,Toothsi
2108,Minda Furukawa E...
2109,Shriram Value Se...
2110,Hyundai Engineer...
2111,Indraprastha Gas
2112,Prism Cement
2113,Indostar Capital...
2114,ITI
2115,Anmol Industries
2116,Aloha Technology
2117,Insolutions Glob...
2118,Dusters Total So...
2119,Sheenlac Paints
2120,Rusan Pharma
2121,RSB Transmission...
2122,Wipro Infotech L...
2123,BYJU'S Exam Prep
2124,Glenmark Life Sc...
2125,VDart
2126,Essar Group
2127,Bombardier Trans...
2128,Turtlemint
2129,BYJU'S Exam Prep
2130,Glenmark Life Sc...
2131,Uplers
2132,Senco Gold
2133,Tetra Pak
2134,Meyer Organics
2135,CSG Internationa...
2136,Sandoz
2137,Munjal Showa
2138,Pepperfry
2139,Bahwan CyberTek
2140,Eversendai
2141,Ergode IT Servic...
2142,Zolo
2143,EID Parry (India...
2144,Cogoport
2145,Family Health Pl...
2146,Welspun Corp
2147,Gainwell Commosa...
2148,Kuwait National ...
2149,Toshiba JSW Powe...
2150,Eurokids
2151,Wissen Infotech
2152,The Park Hotels
2153,ARMSOFTECH.AIR
2154,Muthoottu Mini F...
2155,Greet Technologi...
2156,RedBus
2157,Diya Systems
2158,Dineshchandra R ...
2159,Ge T & D India
2160,NxtWave
2161,Zepto
2162,Realty Assistant
2163,Sona Koyo Steeri...
2164,Liberty General ...
2165,Suzuki
2166,Venus Remedies
2167,Seoyon E-hwa Aut...
2168,RSWM
2169,Lambda Therapeut...
2170,smartData Enterp...
2171,NR Switch N Radi...
2172,Visaka Industrie...
2173,Sheela Foam
2174,Hettich
2175,Reliance Jewels
2176,Flowserve
2177,Agro Tech Foods
2178,Tata Steel Utili...
2179,Sleek Internatio...
2180,C-Edge Technolog...
2181,Teradata
2182,Gtpl Broadband
2183,Bussan Auto Fina...
2184,Writer Safe Guar...
2185,Hilex
2186,Porter
2187,Magic Bus India ...
2188,Aditya Birla Min...
2189,ITC Limited Food...
2190,Kalyani Technofo...
2191,Jumio
2192,Grand Hyatt
2193,Schwing Stetter
2194,ANAROCK Property...
2195,Trianz
2196,Red Hat
2197,Ramco Industries
2198,Dharampal Premch...
2199,Par Pharmaceutic...
2200,Kyungshin Indust...
2201,Koch Business So...
2202,Wolters Kluwer
2203,RadiSys
2204,Electrosteel Cas...
2205,Ministry Of Heal...
2206,Christian Medica...
2207,Venkateshwara Ha...
2208,SRM University
2209,Nowfloats Techno...
2210,Balmer Lawrie
2211,Ryan Internation...
2212,Mrs Bector's Foo...
2213,Royaloak Incorpo...
2214,Galaxy Surfactan...
2215,AccorHotels
2216,Securitas
2217,Phillips Carbon ...
2218,You Broadband
2219,Mrs Bector's Foo...
2220,Ryan Internation...
2221,You Broadband
2222,Satyam Venture E...
2223,Eli Lilly and Co...
2224,Aurangabad Elect...
2225,Syrma Technology
2226,360 Realtors
2227,Maxop Engineerin...
2228,Grass Roots Rese...
2229,Wipro HR Service...
2230,GoMechanic
2231,IFFCO Kisan Sanc...
2232,Aimil Pharmaceut...
2233,People Group
2234,Sany Heavy Indus...
2235,Zoomcar
2236,IKEA
2237,Yardi Systems
2238,Vatika Group
2239,CareerNet Consul...
2240,convergys india ...
2241,Tsys Card Tech S...
2242,Jawahar Navodaya...
2243,Shivalik Small F...
2244,Škoda Auto Volks...
2245,Ceinsys Tech
2246,Nissan
2247,Ralson India
2248,Jyoti CNC Automa...
2249,Silverlink Techn...
2250,Nissan
2251,Ceinsys Tech
2252,Wipro GE Health ...
2253,ABP Group
2254,CodeClouds
2255,Lafarge
2256,Me n Moms
2257,Transasia Bio-Me...
2258,Teva API
2259,Broadcom
2260,HealthifyMe
2261,Artemis Health I...
2262,SunTec Web Servi...
2263,Jamna Auto Indus...
2264,India Nippon Ele...
2265,ASM Technologies
2266,Groupon
2267,L. N. Malviya In...
2268,Grey Orange
2269,Top Office Pros ...
2270,Medall Healthcar...
2271,Hajee A P Bava C...
2272,Time Technoplast
2273,Alcon
2274,Electronica Fina...
2275,Essar Projects I...
2276,Uniparts Group
2277,EXEDY
2278,Aarti Drugs
2279,Electronica Fina...
2280,Elecon Engineeri...
2281,Varroc Engineeri...
2282,Cera Sanitarywar...
2283,ThoughtWorks
2284,Micro Focus
2285,V-Xpress
2286,Eisai Pharmaceut...
2287,Excitel Broadban...
2288,Sakthi Auto Comp...
2289,Tanishq Jeweller...
2290,Kiya.ai
2291,TotalEnergies
2292,Applied Material...
2293,Tribhovandas Bhi...
2294,Anthem Bioscienc...
2295,HyperCITY
2296,Harjai Computers
2297,Continental Engi...
2298,Ranbaxy
2299,Wirpo Technologi...
2300,Symbiotec Pharma...
2301,India Glycols
2302,Escon Elevators
2303,Sri Krishna Phar...
2304,Allcargo Logisti...
2305,Danske IT
2306,Exicom
2307,People Tech Grou...
2308,ELGI Equipments
2309,XL Health
2310,Exicom
2311,Henkel Adhesives...
2312,MITS GLOBAL CONS...
2313,Cosmo Films
2314,Accion Labs
2315,Innominds Softwa...
2316,Win Medicare
2317,FCm Travel Solut...
2318,Ryan
2319,Harman Finochem
2320,Indian Space Res...
2321,Alankit
2322,Fenesta Building...
2323,GAVS Technologie...
2324,Indian Bank
2325,Siti Networks
2326,SHARE Microfin
2327,Johnson Controls...
2328,Chambal Fertilis...
2329,Hamdard
2330,Aurionpro Soluti...
2331,International Ga...
2332,Infosys Consulti...
2333,Allianz Partners
2334,Victora Tool Eng...
2335,Transguard Group...
2336,Akumentis Health...
2337,Shriram Group
2338,Madina Group
2339,Johnson Matthey
2340,Kutchina
2341,Yusen Logistics
2342,Kelly Services
2343,VKC Group
2344,Kirloskar Ferrou...
2345,OnProcess Techno...
2346,Vasan Eye Care H...
2347,Katerra
2348,Rashmi Group
2349,Brigade Group
2350,WayCool Foods an...
2351,SOLAR INDUSTRIES...
2352,Capital Trust
2353,Star Bazaar
2354,Sunwoda
2355,Novac Technology...
2356,Sapiens
2357,Kuehne + Nagel
2358,Kharafi National
2359,Thought Focus
2360,IIFL Home Financ...
2361,Nspira Managemen...
2362,Dana India
2363,Arvato
2364,Juniper Networks
2365,NKG Infrastructu...
2366,Myk Laticrete
2367,SPML Infra
2368,Ingersoll Rand
2369,Religare Securit...
2370,Merck
2371,SMEC
2372,Mahindra Integra...
2373,Pranav Vikas Ind...
2374,Peel-works
2375,Ashapura Group O...
2376,Oda Class
2377,Kerala State Ele...
2378,Princess Cruises
2379,Airtel DTH Servi...
2380,IMS People
2381,S2 Infotech
2382,SUEZ Environneme...
2383,Zara
2384,Gammon Engineers...
2385,Apex Laboratorie...
2386,Orcapod Consulti...
2387,Indian Immunolog...
2388,Gujarat Ambuja E...
2389,Sahyadri Hospita...
2390,ETA Engineering
2391,IOCL Refinery
2392,myGate
2393,Siemens Healthin...
2394,BPTP
2395,Western Refriger...
2396,Mantra Technolog...
2397,Invesco
2398,2COMS
2399,Resurgent India
2400,Meghmani Organic...
2401,GGS Information ...
2402,PC Solutions
2403,VDA Infosolution...
2404,Aculife Healthca...
2405,CAPGEMINI INDIA...
2406,Bharat Bijlee
2407,Ricoh
2408,Tata Toyo Radiat...
2409,Hanon Systems
2410,SoftwareONE
2411,JSW Paints
2412,Netmeds.com
2413,Laxmi Organic In...
2414,Aptiv
2415,M.J Global
2416,Yodlee
2417,Ciena
2418,Avineon India
2419,Consolidated Con...
2420,Holcim
2421,TIBCO Software
2422,Competent Synerg...
2423,Rosmerta Technol...
2424,Maxxis Rubber
2425,Tagros Chemicals
2426,RSPL GHARI DETER...
2427,Kcc Buildcon
2428,Vedanta Limited
2429,Piramal Swasthya
2430,National Stock E...
2431,Magma HDI Genera...
2432,Nettur Technical...
2433,TCG Lifesciences
2434,Tata BlueScope S...
2435,Stellar Value Ch...
2436,P.D. Hinduja Nat...
2437,Deenanath Manges...
2438,Runwal Group
2439,Buzzworks Busine...
2440,Jeeves Consumer ...
2441,Google Operation...
2442,Epiroc
